v1,v2,v3,v4,v5,v6,v7,v8,v9,v10,y
24.7,48.5,2449.5,133.0,5044.5,1.2,2.2,3.8,568.8,19.9,908.7100000000003
21.0,56.2,2114.7,163.7,4559.6,1.0,2.1,3.8,542.8,23.7,963.0200000000012
18.2,56.8,2055.4,150.3,4718.8,0.8,2.4,4.6,431.6,23.5,1352.9300000000014
20.8,56.0,2112.9,165.9,4503.9,1.0,2.1,3.8,533.9,23.9,1401.0400000000016
21.0,56.4,2146.7,166.0,4492.2,1.0,2.1,3.8,543.2,23.7,1459.0500000000013
20.8,56.5,2126.7,164.1,4486.6,1.0,2.1,3.8,534.0,23.9,1510.260000000001
19.6,51.6,2283.4,153.9,5066.1,0.9,2.2,4.0,486.3,23.8,2267.7700000000013
21.2,55.6,2136.6,166.1,4523.4,1.0,2.1,3.8,536.3,23.7,2281.0800000000017
21.1,55.6,2141.6,163.9,4531.8,1.0,2.1,3.8,534.4,23.5,2300.090000000002
20.9,55.5,2131.6,164.4,4504.4,1.0,2.1,3.8,543.0,23.5,2329.7000000000016
24.7,62.2,2518.6,151.3,4420.5,0.9,2.1,3.6,506.2,21.1,2878.510000000001
20.9,55.8,2126.3,165.2,4539.3,1.0,2.1,3.8,539.6,23.7,2897.4200000000014
23.1,48.0,1779.8,160.2,4701.5,0.8,2.5,3.1,605.8,22.6,3505.230000000001
20.9,55.7,2115.3,164.7,4495.6,1.0,2.1,3.8,538.0,23.5,3554.2400000000002
20.9,57.4,2287.5,138.3,4611.7,1.0,1.7,3.2,564.2,28.3,3853.6300000000006
21.1,55.6,2127.9,163.5,4523.3,1.0,2.1,3.8,540.3,23.7,3865.54
22.2,57.1,2029.0,158.2,5244.2,1.2,2.1,4.2,581.9,20.0,4739.949999999999
20.8,55.6,2126.7,163.1,4545.3,1.0,2.1,3.8,535.2,23.5,4766.96
23.7,58.6,2043.1,159.6,4878.5,1.2,2.4,4.2,607.8,23.0,5284.870000000001
22.8,53.1,2477.9,174.3,5430.0,1.0,2.3,3.7,446.6,20.8,6640.68
18.3,48.0,2400.7,186.4,4595.7,1.0,2.1,3.6,625.5,19.8,7099.19
21.0,56.5,2147.0,165.7,4546.1,1.0,2.1,3.8,535.5,23.5,7137.3
20.9,56.0,2148.6,166.1,4495.8,1.0,2.1,3.8,542.5,23.7,7192.61
22.5,60.8,1820.4,185.6,3760.5,1.2,1.7,3.6,473.2,22.2,8363.9
21.1,56.3,2133.5,165.7,4568.6,1.0,2.1,3.8,539.9,23.7,8410.01
21.0,56.4,2141.5,163.6,4540.3,1.0,2.1,3.8,534.7,23.9,8437.42
21.0,56.4,2143.3,164.1,4522.7,1.0,2.1,3.8,532.8,23.6,8460.73
20.8,55.9,2113.8,164.8,4488.1,1.0,2.1,3.8,534.8,23.7,8521.640000000001
21.2,56.4,2145.1,165.4,4557.8,1.0,2.1,3.8,539.0,23.8,8567.550000000003
18.2,56.2,2439.9,156.5,4171.4,1.0,2.1,4.3,636.0,25.4,9341.060000000005
18.8,46.7,1836.8,145.5,4560.8,1.2,2.3,3.2,628.6,25.3,9790.170000000007
23.0,60.7,1848.6,193.5,4035.5,0.8,1.8,4.5,436.3,28.1,10706.260000000011
22.9,64.9,2087.8,186.7,4150.2,0.9,2.4,4.0,447.4,28.0,11254.070000000012
18.4,56.3,2020.4,168.0,3944.5,1.2,2.0,3.7,605.9,28.1,12024.860000000011
22.5,58.8,2137.4,159.1,4920.6,1.0,1.8,3.2,634.6,25.9,12531.550000000014
20.8,56.2,2147.1,163.7,4544.0,1.0,2.1,3.8,542.7,23.8,12569.260000000017
25.0,54.7,2408.9,184.7,4634.0,0.9,1.9,3.4,532.9,24.5,12980.850000000017
20.9,56.2,2140.1,165.2,4555.9,1.0,2.1,3.8,535.9,23.5,13020.66000000002
22.4,53.2,1840.8,155.8,4241.1,1.1,2.4,3.4,504.6,27.0,13647.170000000016
20.9,55.5,2136.3,165.9,4511.0,1.0,2.1,3.8,534.4,23.6,13674.480000000016
24.1,47.5,2182.0,175.5,4868.6,1.1,1.9,3.8,524.1,21.9,14101.170000000016
20.8,56.3,2124.0,164.7,4495.9,1.0,2.1,3.8,533.1,23.8,14145.980000000016
18.7,65.6,2426.3,132.1,4015.9,1.1,2.4,4.5,489.4,20.5,15047.890000000018
21.0,55.7,2114.1,165.5,4511.2,1.0,2.1,3.8,542.4,23.8,15087.600000000015
20.8,53.8,2140.8,150.2,5032.4,1.1,1.8,3.1,627.1,27.7,15712.290000000017
20.8,56.1,2133.6,165.0,4542.1,1.0,2.1,3.8,534.7,23.6,15732.600000000019
20.9,55.6,2127.0,165.3,4534.5,1.0,2.1,3.8,536.1,23.7,15746.610000000019
21.0,56.3,2122.7,163.2,4572.7,1.0,2.1,3.8,539.8,23.9,15803.82000000002
20.9,56.2,2140.9,165.6,4498.6,1.0,2.1,3.8,538.5,23.7,15844.33000000002
22.8,53.0,2556.8,137.1,4762.7,0.9,2.0,3.2,583.5,22.3,16582.72000000002
21.1,56.1,2120.2,163.2,4526.8,1.0,2.1,3.8,536.3,23.8,16598.330000000016
23.9,64.5,2501.9,163.2,5220.5,0.9,2.0,3.2,455.3,20.6,17757.920000000013
21.1,56.3,2138.5,163.3,4572.0,1.0,2.1,3.8,540.5,23.8,17813.330000000005
23.0,65.0,2008.0,185.9,4029.9,1.0,2.0,3.2,514.1,21.0,18492.320000000007
23.6,53.0,2512.3,174.0,4360.1,1.1,2.2,3.1,528.9,27.2,19066.930000000008
21.2,55.5,2141.9,166.2,4491.1,1.0,2.1,3.8,536.0,23.7,19118.340000000004
20.8,56.5,2121.9,164.1,4533.5,1.0,2.1,3.8,543.1,23.9,19139.75
20.9,55.7,2137.1,166.1,4515.2,1.0,2.1,3.8,538.1,23.5,19160.26
23.6,65.7,2074.9,137.6,4224.3,0.9,2.3,3.9,505.7,24.7,19590.769999999993
20.9,56.0,2133.1,164.9,4506.6,1.0,2.1,3.8,542.4,23.8,19618.57999999999
21.2,56.5,2122.6,164.1,4495.9,1.0,2.1,3.8,539.7,23.5,19662.28999999999
21.1,56.0,2127.1,164.9,4532.5,1.0,2.1,3.8,533.5,23.8,19676.099999999988
21.1,56.5,2139.9,163.8,4564.8,1.0,2.1,3.8,532.8,23.5,19728.20999999999
20.9,55.6,2145.0,165.9,4508.4,1.0,2.1,3.8,533.7,23.6,19767.419999999984
20.9,55.6,2144.0,163.6,4537.5,1.0,2.1,3.8,533.5,23.7,19795.52999999998
18.2,49.7,2299.7,194.6,5250.6,1.0,1.7,4.0,441.6,19.0,20824.519999999982
21.2,56.0,2148.9,164.7,4483.6,1.0,2.1,3.8,533.3,23.5,20891.32999999998
20.8,56.5,2125.5,165.7,4541.1,1.0,2.1,3.8,533.9,23.8,20916.239999999976
19.1,46.1,1748.3,140.6,4607.9,1.1,1.7,4.5,468.9,20.0,21487.229999999974
20.9,55.8,2152.6,165.6,4534.1,1.0,2.1,3.8,542.8,23.7,21520.639999999974
20.8,55.8,2126.4,165.6,4517.7,1.0,2.1,3.8,536.8,23.8,21538.349999999973
21.2,56.0,2131.0,165.6,4489.3,1.0,2.1,3.8,541.2,23.7,21581.559999999972
21.1,55.8,2116.4,166.2,4503.7,1.0,2.1,3.8,535.3,23.6,21625.36999999997
21.1,56.4,2136.0,165.9,4499.1,1.0,2.1,3.8,535.2,23.7,21663.279999999966
19.3,60.9,2105.6,195.3,3664.9,1.2,2.3,4.5,598.5,23.3,22649.68999999997
21.2,56.5,2139.9,164.5,4544.4,1.0,2.1,3.8,537.1,23.8,22676.299999999967
18.9,61.3,2202.3,176.7,4162.8,0.9,2.4,3.2,517.0,25.4,23153.409999999963
21.1,55.7,2121.8,163.5,4565.2,1.0,2.1,3.8,535.7,23.8,23204.119999999955
20.8,56.3,2113.6,163.6,4569.2,1.0,2.1,3.8,541.7,23.8,23268.32999999995
20.1,46.7,1948.2,144.6,4119.8,0.8,2.2,3.1,573.0,24.8,23926.03999999995
17.1,53.9,2216.7,139.2,5245.9,1.1,2.3,4.5,492.6,20.0,24806.94999999995
19.7,62.9,2071.5,153.3,3743.3,1.1,1.8,4.3,559.6,20.6,25695.239999999947
21.1,56.1,2113.1,163.8,4534.7,1.0,2.1,3.8,540.5,23.6,25723.84999999994
21.0,56.4,2135.3,163.8,4505.4,1.0,2.1,3.8,539.7,23.9,25753.359999999942
24.0,48.8,1854.1,143.1,4920.1,0.9,1.7,3.1,520.0,19.5,26474.949999999943
21.2,56.2,2118.3,165.8,4518.4,1.0,2.1,3.8,538.0,23.9,26499.15999999994
21.1,55.5,2138.7,163.5,4565.1,1.0,2.1,3.8,533.2,23.7,26550.069999999938
20.9,56.4,2123.8,164.4,4493.3,1.0,2.1,3.8,540.9,23.6,26595.879999999936
23.2,66.9,2230.0,160.0,5311.9,1.1,2.1,3.0,623.8,23.0,27581.38999999993
22.4,51.8,1880.6,167.6,4321.7,1.2,1.8,4.4,522.1,25.7,28064.579999999933
24.3,57.1,2347.3,195.7,4804.8,1.1,2.2,4.2,584.8,28.3,28641.58999999993
18.5,49.0,1794.9,132.2,5078.6,1.0,2.2,3.8,607.7,26.2,29640.499999999935
18.7,60.9,2193.3,168.1,4709.4,0.9,2.2,3.6,551.5,23.1,29906.809999999936
22.0,45.0,2533.4,165.9,5387.0,0.8,2.0,3.4,629.6,19.3,31276.899999999936
21.1,55.8,2129.6,165.7,4493.9,1.0,2.1,3.8,542.4,23.6,31318.509999999933
22.0,67.0,2069.4,164.6,4771.3,0.8,1.8,3.4,450.7,24.9,31724.299999999937
23.8,45.4,1804.1,161.0,5357.0,1.1,1.8,3.1,462.6,23.6,32971.48999999993
22.6,48.7,1989.1,169.4,4772.0,1.1,2.4,3.3,544.4,20.3,33380.69999999994
21.2,56.3,2147.6,164.9,4498.7,1.0,2.1,3.8,543.4,23.7,33432.10999999994
21.0,55.8,2134.8,164.7,4547.7,1.0,2.1,3.8,535.8,23.7,33457.81999999994
20.9,56.4,2112.5,164.5,4548.6,1.0,2.1,3.8,534.2,23.9,33501.92999999994
20.0,65.3,1875.2,184.0,3808.2,1.0,2.2,4.5,477.7,20.9,34570.439999999944
23.4,49.9,2254.1,148.2,4330.6,1.1,2.0,4.5,500.7,28.4,34955.829999999936
25.0,54.6,2031.4,137.1,4939.7,0.9,1.8,4.2,529.4,24.6,35506.81999999994
21.1,55.7,2135.8,165.9,4527.5,1.0,2.1,3.8,534.1,23.9,35517.32999999995
22.1,52.3,1731.8,190.9,4347.0,1.0,2.1,4.2,608.2,24.6,36199.33999999995
21.4,58.6,2555.7,159.3,5143.2,1.2,2.2,3.9,452.7,21.4,37334.84999999996
20.9,55.8,2136.7,163.0,4498.9,1.0,2.1,3.8,539.7,23.9,37372.85999999996
22.0,63.2,2100.0,134.1,5029.7,1.1,2.3,3.5,581.2,24.2,37988.069999999956
19.4,47.4,1775.6,176.5,5154.5,0.9,2.1,3.7,471.8,23.9,39057.57999999995
21.2,55.5,2112.6,165.4,4565.4,1.0,2.1,3.8,542.6,23.5,39119.989999999954
23.3,62.4,1785.9,165.5,3920.6,1.0,1.9,3.7,549.0,28.1,40095.77999999996
21.0,55.6,2114.8,165.3,4562.0,1.0,2.1,3.8,536.0,23.8,40149.68999999996
17.8,56.0,1791.9,164.0,4562.7,1.1,2.5,3.1,560.1,25.7,40549.89999999996
18.9,49.4,1984.1,188.3,4658.5,0.8,2.2,3.8,624.6,26.1,40947.40999999995
22.0,51.2,2496.1,168.9,4179.1,1.0,1.9,4.4,624.3,22.8,41757.999999999956
20.8,55.6,2145.7,163.2,4554.9,1.0,2.1,3.8,533.1,23.9,41806.20999999996
23.2,46.4,1925.1,187.1,4605.9,1.0,2.1,3.0,460.6,22.1,42202.41999999997
20.8,55.6,2114.5,165.5,4503.9,1.0,2.1,3.8,536.2,23.9,42246.629999999976
20.9,55.8,2126.6,164.5,4532.3,1.0,2.1,3.8,539.2,23.6,42257.43999999997
17.9,54.9,2307.7,162.7,4219.9,1.2,2.3,3.4,488.5,23.5,42795.24999999997
23.6,65.9,2068.1,177.5,3884.7,1.0,1.9,4.0,556.1,25.5,43544.839999999975
20.9,55.8,2121.5,165.8,4483.2,1.0,2.1,3.8,536.7,23.6,43602.24999999997
19.2,62.8,2070.4,152.7,4559.0,0.9,1.7,4.6,509.1,27.3,43746.839999999975
20.8,55.8,2140.0,165.3,4526.0,1.0,2.1,3.8,535.2,23.6,43761.14999999997
21.1,56.2,2123.6,164.5,4567.9,1.0,2.1,3.8,535.5,23.5,43811.95999999997
21.1,56.6,2145.1,166.2,4569.2,1.0,2.1,3.8,538.2,23.5,43869.56999999996
20.9,55.8,2150.5,165.1,4569.8,1.0,2.1,3.8,535.2,23.5,43934.27999999996
19.9,61.3,1830.4,196.6,5318.2,0.8,2.5,3.1,545.9,19.7,45076.08999999997
21.1,56.3,2113.9,165.1,4540.7,1.0,2.1,3.8,536.9,23.5,45108.49999999997
21.2,56.5,2139.5,163.0,4566.0,1.0,2.1,3.8,541.7,23.8,45160.609999999964
20.9,56.5,2113.6,164.1,4502.4,1.0,2.1,3.8,540.2,23.7,45207.119999999966
20.1,55.5,1965.8,182.5,4203.8,1.2,1.8,3.8,488.8,19.9,45768.70999999996
21.2,55.6,2140.3,163.5,4506.4,1.0,2.1,3.8,534.5,23.6,45804.219999999965
23.6,47.6,2521.8,166.1,4872.0,0.9,2.4,3.6,500.5,20.9,46589.52999999996
19.6,46.1,1761.5,178.8,4612.6,0.8,2.1,4.2,474.6,21.4,47134.53999999997
20.8,56.4,2125.7,165.9,4498.2,1.0,2.1,3.8,534.8,23.9,47175.04999999997
17.7,61.6,1708.1,185.6,5344.5,1.0,1.8,3.2,561.2,20.7,48468.63999999996
21.1,56.4,2118.4,166.1,4529.2,1.0,2.1,3.8,538.3,23.6,48485.24999999997
20.9,55.6,2119.2,163.9,4545.3,1.0,2.1,3.8,543.4,23.9,48521.55999999997
21.2,55.5,2112.2,164.6,4567.7,1.0,2.1,3.8,541.8,23.6,48584.96999999997
23.6,61.7,2207.1,161.8,4285.2,1.1,1.7,3.4,609.1,23.3,48984.259999999966
20.9,55.8,2110.3,166.1,4530.6,1.0,2.1,3.8,535.2,23.6,49012.66999999997
23.5,48.0,1775.0,168.7,3904.6,0.8,1.8,3.8,532.0,26.8,50014.05999999997
21.0,55.6,2144.6,163.8,4544.8,1.0,2.1,3.8,535.6,23.9,50047.96999999997
21.1,56.3,2141.1,164.1,4572.5,1.0,2.1,3.8,537.1,23.5,50104.17999999997
20.9,56.5,2131.6,163.9,4528.8,1.0,2.1,3.8,533.2,23.8,50111.38999999997
19.6,55.6,2124.1,183.5,4637.4,1.0,2.3,4.0,441.1,26.9,50347.99999999997
21.3,47.5,1826.1,134.1,4588.1,0.9,2.0,3.7,627.1,28.0,50846.189999999966
17.5,66.6,2205.9,144.0,4054.6,1.0,1.9,4.1,498.3,23.4,51465.67999999997
21.1,55.5,2136.7,166.1,4514.0,1.0,2.1,3.8,537.9,23.7,51486.989999999976
18.5,50.8,2289.9,195.7,4320.1,1.0,2.3,4.0,563.6,21.7,51917.59999999996
20.0,47.5,2300.9,164.8,4239.4,1.1,2.0,4.0,490.4,24.5,52433.08999999995
20.8,56.4,2140.2,165.2,4483.8,1.0,2.1,3.8,542.7,23.8,52491.79999999995
21.0,55.9,2129.0,163.7,4486.0,1.0,2.1,3.8,534.9,23.8,52540.309999999954
19.7,50.2,2549.2,161.3,5137.7,1.0,2.3,3.8,507.2,23.2,53608.51999999997
21.0,56.1,2110.5,164.6,4513.7,1.0,2.1,3.8,532.8,23.7,53648.929999999964
21.0,56.4,2134.0,163.6,4539.9,1.0,2.1,3.8,538.7,23.8,53665.73999999996
21.0,55.7,2149.4,164.8,4516.0,1.0,2.1,3.8,538.2,23.8,53696.44999999996
16.9,48.8,1928.7,196.6,3936.9,1.0,2.3,4.3,594.3,27.6,54590.25999999996
18.2,57.8,2399.7,143.0,4446.3,1.1,2.3,3.5,590.3,27.0,55019.76999999997
21.0,55.6,2138.0,165.8,4519.7,1.0,2.1,3.8,535.9,23.6,55038.37999999996
25.2,67.2,1709.1,175.9,5004.9,0.9,1.9,4.5,511.1,27.2,55991.56999999996
20.9,55.5,2131.0,165.9,4504.9,1.0,2.1,3.8,534.6,23.6,56020.27999999997
21.1,56.0,2133.3,163.9,4514.6,1.0,2.1,3.8,535.6,23.7,56038.58999999997
22.6,63.0,2145.2,158.1,4480.7,0.9,2.0,3.6,504.9,23.4,56146.87999999996
21.0,55.6,2135.6,164.3,4571.1,1.0,2.1,3.8,541.5,23.7,56198.48999999997
20.4,45.0,1828.6,159.5,3863.8,0.8,2.3,3.9,473.4,24.1,57246.99999999996
20.8,55.8,2144.1,165.7,4509.6,1.0,2.1,3.8,541.0,23.5,57282.50999999996
17.2,59.3,2099.4,166.2,4475.3,1.1,2.2,3.6,534.1,19.7,57380.319999999956
20.8,55.7,2150.3,165.1,4492.9,1.0,2.1,3.8,538.8,23.8,57435.929999999964
21.0,55.5,2141.6,164.5,4538.0,1.0,2.1,3.8,539.5,23.9,57458.53999999996
20.9,55.9,2115.9,163.6,4501.4,1.0,2.1,3.8,540.8,23.9,57504.64999999996
23.4,54.7,1853.0,176.7,3634.6,1.1,1.7,4.2,528.9,24.6,58700.63999999996
19.6,51.6,1896.5,152.6,5424.1,0.8,1.7,4.4,606.1,24.7,59918.429999999964
24.7,51.0,2263.1,137.0,3879.3,0.8,2.0,3.5,534.3,20.5,60738.81999999995
18.5,55.1,2087.0,189.0,4458.9,1.0,2.5,3.4,467.3,24.7,60950.029999999955
21.1,55.9,2147.8,163.2,4504.1,1.0,2.1,3.8,537.6,23.7,60992.139999999956
20.9,56.0,2141.1,163.0,4530.5,1.0,2.1,3.8,532.7,23.8,61011.44999999995
21.3,48.3,1903.4,138.3,3993.4,1.1,2.4,4.1,458.0,23.3,61889.059999999954
21.0,56.2,2141.9,165.9,4553.4,1.0,2.1,3.8,534.7,23.5,61930.069999999956
17.9,52.8,2046.5,189.0,3682.3,0.9,2.5,4.5,526.7,24.6,62901.57999999996
21.0,56.3,2152.1,164.7,4500.2,1.0,2.1,3.8,538.8,23.7,62951.18999999996
21.0,56.2,2110.9,165.7,4539.3,1.0,2.1,3.8,536.5,23.6,62985.999999999956
20.8,55.8,2126.0,165.0,4513.4,1.0,2.1,3.8,533.6,23.7,63010.90999999996
17.3,50.8,1739.4,144.8,4665.2,1.0,2.0,3.4,482.6,19.1,63625.69999999996
20.8,55.9,2128.6,164.6,4523.1,1.0,2.1,3.8,534.6,23.9,63637.009999999966
24.5,64.9,1892.9,161.5,4432.4,0.9,2.1,3.5,595.4,22.0,64042.51999999997
21.0,63.0,2438.5,174.1,5336.7,1.1,2.2,4.4,626.0,19.4,65268.02999999997
21.1,56.2,2124.8,165.0,4561.4,1.0,2.1,3.8,541.4,23.8,65312.23999999997
21.1,56.0,2134.2,164.7,4506.9,1.0,2.1,3.8,533.1,23.9,65341.24999999997
20.9,55.6,2145.8,163.3,4558.1,1.0,2.1,3.8,539.9,23.6,65389.559999999976
18.2,60.1,2532.2,188.5,4996.7,0.9,2.4,3.2,543.5,23.4,66293.96999999999
20.8,56.4,2145.2,164.2,4499.8,1.0,2.1,3.8,538.6,23.8,66337.37999999999
18.7,60.0,2363.3,176.1,4200.6,0.8,1.7,4.3,537.5,20.1,66917.26999999999
22.3,59.0,1863.7,185.6,4888.1,0.9,1.9,4.2,465.9,24.7,67642.95999999999
23.3,51.2,2315.3,167.2,5221.9,0.9,1.8,3.0,605.6,22.6,68598.15000000001
20.6,49.9,2430.7,166.4,3856.2,1.2,2.4,4.5,609.5,22.4,69651.06000000001
21.2,56.2,2138.7,166.1,4513.0,1.0,2.1,3.8,537.6,23.6,69675.47
17.6,58.3,2431.6,168.7,3751.0,1.0,1.8,4.5,617.6,19.8,70843.45999999999
20.9,56.3,2118.5,166.2,4514.4,1.0,2.1,3.8,536.4,23.6,70873.47
20.9,56.3,2136.8,163.4,4504.4,1.0,2.1,3.8,542.4,23.6,70908.37999999999
20.8,55.5,2141.3,163.3,4522.3,1.0,2.1,3.8,533.9,23.9,70929.98999999999
23.4,57.6,1917.4,188.8,4759.1,1.0,1.9,3.2,440.7,20.5,71502.28
24.4,55.3,1983.7,187.2,5375.1,1.1,2.1,4.1,586.6,26.2,72571.99
23.6,53.4,1854.5,139.6,4998.8,1.1,2.0,3.4,480.0,27.2,73409.48
20.2,49.4,1873.6,150.3,4593.8,1.2,2.2,4.3,577.9,26.6,73797.68999999999
21.1,56.4,2139.4,164.8,4552.9,1.0,2.1,3.8,542.4,23.8,73835.79999999997
21.1,55.7,2116.6,166.0,4549.1,1.0,2.1,3.8,538.5,23.9,73874.20999999996
19.7,46.3,2279.4,175.1,4876.9,1.1,2.0,4.3,644.3,23.7,74498.39999999997
18.2,52.6,2003.6,167.8,3668.9,1.2,2.2,4.3,586.1,26.4,75543.40999999996
20.8,55.7,2111.4,166.2,4568.1,1.0,2.1,3.8,534.9,23.5,75608.81999999996
21.0,56.2,2140.9,166.2,4528.0,1.0,2.1,3.8,543.1,23.8,75625.42999999998
21.1,55.9,2115.8,163.3,4501.6,1.0,2.1,3.8,539.1,23.8,75669.94
20.8,56.0,2150.0,163.1,4541.9,1.0,2.1,3.8,540.9,23.6,75707.05
20.8,55.7,2130.1,164.0,4540.4,1.0,2.1,3.8,538.9,23.8,75722.76000000001
17.2,61.3,2190.0,148.3,4801.1,1.2,2.5,3.3,534.1,20.4,76084.47000000002
17.7,61.5,1721.1,148.7,5417.4,1.1,2.5,4.2,512.9,19.0,77436.38000000002
21.1,48.6,2422.9,175.0,5243.9,1.0,2.3,3.5,510.5,27.3,78493.29000000002
22.4,53.0,1955.8,181.4,4290.0,0.8,1.9,3.1,591.5,27.5,78984.98000000003
23.1,54.7,2278.8,132.5,3746.7,0.9,2.2,4.0,639.5,23.1,80049.49000000003
23.4,50.8,2448.1,169.4,5246.4,1.0,1.7,3.7,630.8,24.5,81188.78000000004
21.2,56.5,2112.4,164.1,4573.0,1.0,2.1,3.8,538.7,23.9,81254.79000000004
20.8,56.1,2128.1,163.1,4566.0,1.0,2.1,3.8,535.3,23.8,81300.60000000005
21.0,50.4,2432.9,185.6,3685.7,0.8,1.9,4.5,474.9,20.9,82537.89000000006
21.2,55.7,2146.3,166.0,4496.6,1.0,2.1,3.8,542.5,23.6,82590.40000000005
24.6,55.1,1997.0,149.2,4358.5,1.1,2.4,3.9,638.8,19.3,83016.21000000004
20.7,45.6,2218.9,166.1,3848.7,1.1,2.5,4.4,584.0,19.7,83845.92000000004
20.8,56.0,2114.1,164.5,4498.7,1.0,2.1,3.8,535.1,23.8,83895.53000000004
21.1,48.5,2054.3,160.1,4647.2,0.8,2.5,4.4,630.7,24.5,84198.64000000006
21.0,55.4,2137.2,164.6,4494.6,1.0,2.1,3.8,535.6,23.9,84240.95000000006
18.9,66.1,2204.8,172.8,4915.4,1.1,2.1,4.0,521.6,27.9,84741.06000000004
21.2,55.7,2140.6,163.3,4505.5,1.0,2.1,3.8,535.2,23.6,84777.17000000004
21.4,50.1,2350.9,183.6,5344.6,1.0,2.0,3.6,471.6,19.1,85909.56000000003
17.4,60.0,1918.3,193.0,4676.9,1.0,1.8,3.6,542.1,21.3,86311.05000000002
21.0,56.1,2143.3,165.2,4558.3,1.0,2.1,3.8,542.2,23.8,86358.36000000002
20.8,55.8,2118.8,165.6,4496.7,1.0,2.1,3.8,532.9,23.6,86408.57000000002
21.9,60.7,2348.8,163.9,4702.0,1.2,2.1,3.8,488.7,26.8,86858.08000000002
17.1,60.9,2356.9,169.8,4713.8,1.2,2.4,3.5,476.6,21.9,87343.59
23.3,64.6,2265.0,149.7,5076.4,0.9,2.2,3.2,471.8,26.5,88119.00000000001
21.1,55.5,2114.1,166.0,4560.4,1.0,2.1,3.8,537.6,23.6,88171.21
20.8,56.3,2140.6,163.5,4556.6,1.0,2.1,3.8,540.8,23.5,88213.52
21.1,56.2,2126.3,165.6,4495.7,1.0,2.1,3.8,537.2,23.8,88252.93000000001
20.8,55.7,2114.0,164.9,4496.3,1.0,2.1,3.8,532.7,23.7,88307.84000000001
21.1,56.3,2126.7,164.0,4557.9,1.0,2.1,3.8,539.8,23.8,88345.35000000002
21.0,55.8,2142.2,163.7,4557.3,1.0,2.1,3.8,537.7,23.5,88387.16
21.6,45.4,1786.1,194.2,5083.7,1.0,2.4,3.1,465.2,23.4,89402.57000000002
21.1,56.1,2129.3,164.6,4546.0,1.0,2.1,3.8,535.2,23.6,89425.78000000004
21.8,53.2,2441.0,193.6,4293.9,0.9,1.7,3.8,462.4,25.4,90078.97000000006
20.9,56.2,2132.4,164.7,4557.5,1.0,2.1,3.8,542.1,23.5,90114.18000000007
20.8,56.3,2113.3,164.3,4492.5,1.0,2.1,3.8,543.2,23.7,90173.49000000006
20.9,55.5,2120.2,166.2,4555.2,1.0,2.1,3.8,542.2,23.7,90218.30000000006
21.0,55.5,2127.6,165.9,4553.2,1.0,2.1,3.8,543.3,23.6,90254.61000000007
18.7,58.2,2086.6,189.2,5151.8,1.2,2.3,3.5,529.3,25.7,90961.52000000008
20.9,55.7,2114.4,165.4,4490.0,1.0,2.1,3.8,543.1,23.8,91022.73000000008
21.1,55.9,2120.7,163.9,4536.3,1.0,2.1,3.8,535.4,23.6,91045.34000000008
21.0,56.4,2138.3,163.7,4542.9,1.0,2.1,3.8,542.6,23.8,91073.25000000007
21.1,56.2,2127.4,163.1,4499.1,1.0,2.1,3.8,541.9,23.9,91111.86000000006
21.1,55.8,2132.4,164.5,4518.7,1.0,2.1,3.8,534.7,23.9,91125.87000000005
25.0,60.2,1705.7,152.9,4069.4,1.1,2.4,3.3,517.1,20.6,92050.88000000005
20.9,55.9,2128.1,166.1,4527.9,1.0,2.1,3.8,541.9,23.8,92059.79000000005
20.8,56.2,2141.3,165.6,4555.1,1.0,2.1,3.8,540.2,23.7,92100.30000000003
17.7,53.0,2272.6,190.8,4291.8,0.8,1.8,4.2,576.0,25.6,92547.59000000001
24.0,47.0,1963.7,179.3,3969.4,1.1,2.1,3.2,591.3,26.7,93354.50000000001
21.1,56.2,2129.3,164.4,4502.2,1.0,2.1,3.8,538.0,23.5,93382.91
25.0,66.1,2112.7,150.0,3967.6,1.0,1.7,3.8,473.5,25.6,94053.40000000001
21.2,55.6,2124.1,165.1,4540.8,1.0,2.1,3.8,534.1,23.5,94078.60999999999
21.2,55.5,2117.6,164.3,4557.9,1.0,2.1,3.8,535.6,23.6,94125.71999999999
17.1,53.9,2147.6,159.8,5318.4,0.9,1.9,3.6,637.4,25.3,95040.81
21.0,56.3,2130.2,165.4,4524.3,1.0,2.1,3.8,534.3,23.8,95050.52
21.2,55.6,2133.3,164.2,4526.8,1.0,2.1,3.8,541.8,23.8,95058.23
20.9,56.4,2130.9,163.1,4524.8,1.0,2.1,3.8,536.8,23.8,95065.04
21.1,56.5,2146.1,163.1,4568.1,1.0,2.1,3.8,536.2,23.7,95123.74999999999
17.1,65.8,2142.2,141.6,3915.9,0.9,1.7,4.3,493.8,27.2,95828.04
19.8,55.3,2200.9,197.5,4810.6,1.1,2.3,4.1,462.0,27.4,96294.15
21.1,55.9,2128.5,163.2,4539.8,1.0,2.1,3.8,534.4,23.7,96314.05999999998
20.8,56.2,2123.7,165.2,4552.3,1.0,2.1,3.8,541.9,23.7,96350.86999999997
21.0,48.2,2343.8,159.7,4665.0,0.9,2.4,3.5,480.0,20.2,96775.27999999997
21.2,56.3,2146.3,165.5,4531.6,1.0,2.1,3.8,540.7,23.5,96797.98999999995
21.2,55.6,2149.5,166.2,4538.7,1.0,2.1,3.8,536.2,23.7,96830.69999999995
18.4,46.8,2158.0,169.2,5387.4,0.9,2.3,4.3,631.3,20.3,97828.10999999997
21.0,56.3,2150.8,165.7,4493.7,1.0,2.1,3.8,538.4,23.6,97883.61999999997
21.0,56.1,2115.6,164.1,4498.5,1.0,2.1,3.8,542.5,23.8,97934.02999999997
21.0,55.8,2113.7,163.0,4535.0,1.0,2.1,3.8,535.7,23.6,97963.03999999998
20.9,61.3,1878.6,186.4,4744.8,0.8,2.5,4.1,638.3,21.7,98563.04999999999
25.1,50.2,2157.7,191.5,5351.3,1.2,2.5,4.3,580.4,20.9,99491.75999999998
19.5,55.1,2425.6,192.9,4721.4,1.2,2.1,3.3,523.7,24.3,100024.26999999997
24.5,57.1,2367.8,185.7,4658.2,0.9,2.2,3.6,559.9,23.9,100435.67999999998
18.5,47.6,1912.4,135.4,4666.9,0.9,1.7,3.8,614.9,19.2,100913.16999999997
21.1,56.3,2149.7,163.1,4533.5,1.0,2.1,3.8,539.0,23.6,100939.97999999998
21.0,55.9,2110.3,165.6,4559.9,1.0,2.1,3.8,536.2,23.7,100995.98999999999
21.1,55.5,2120.9,165.5,4553.2,1.0,2.1,3.8,541.9,23.6,101037.19999999998
21.2,63.9,1981.6,153.2,3665.3,1.1,2.5,4.2,568.8,27.4,102104.30999999998
19.4,66.4,2121.2,174.4,3683.0,0.8,2.3,3.1,559.8,26.9,103005.71999999997
20.8,49.4,2186.0,153.2,4770.7,1.1,2.3,3.7,614.4,27.9,103402.12999999999
24.3,54.1,1730.2,189.5,3799.2,1.1,2.0,3.8,581.9,27.9,104607.11999999997
21.0,55.5,2111.1,163.3,4543.4,1.0,2.1,3.8,537.6,23.8,104645.22999999997
24.7,53.3,1789.7,138.1,5041.0,1.0,1.8,3.7,582.0,20.9,105576.41999999997
21.0,55.5,2145.2,165.5,4495.2,1.0,2.1,3.8,541.8,23.6,105628.22999999997
20.3,58.9,1898.4,154.8,4623.4,0.9,2.2,4.5,630.7,24.7,106064.03999999996
20.9,55.7,2126.1,163.7,4487.4,1.0,2.1,3.8,540.8,23.6,106113.94999999997
21.0,56.4,2147.7,164.3,4542.7,1.0,2.1,3.8,532.8,23.6,106151.05999999997
21.1,55.7,2116.6,165.2,4555.1,1.0,2.1,3.8,536.6,23.7,106195.36999999997
18.4,54.5,2155.4,185.0,5236.3,0.9,2.2,3.6,467.7,27.3,107023.97999999997
20.9,55.8,2129.9,166.0,4569.2,1.0,2.1,3.8,535.6,23.8,107070.88999999996
21.6,51.1,2298.8,183.4,4297.6,0.8,2.2,3.3,561.6,27.3,107520.29999999996
22.5,63.4,2267.3,155.4,4392.7,0.8,2.0,3.5,571.0,22.8,107842.48999999993
22.5,64.2,2030.7,158.9,4132.4,1.2,2.5,4.4,639.1,24.6,108455.79999999993
23.5,46.2,1811.6,158.6,5188.5,1.0,1.8,4.1,447.6,22.7,109543.98999999993
20.1,48.8,2043.3,194.8,3900.5,1.0,2.2,3.1,456.9,24.1,110379.19999999992
20.9,55.9,2117.9,163.8,4558.3,1.0,2.1,3.8,536.6,23.5,110425.60999999991
20.8,56.0,2117.9,163.0,4482.9,1.0,2.1,3.8,536.9,23.9,110487.01999999992
19.9,66.3,1949.2,143.2,4711.4,1.1,2.4,3.9,520.2,28.2,110907.22999999992
19.6,65.3,2092.9,171.4,4715.3,1.1,2.3,3.6,594.4,27.1,111209.53999999992
18.8,66.9,1773.3,166.3,3687.7,0.9,2.0,3.3,533.5,27.8,112429.72999999992
20.9,56.1,2120.6,164.2,4542.8,1.0,2.1,3.8,537.1,23.6,112456.93999999992
20.9,56.0,2125.6,164.1,4496.6,1.0,2.1,3.8,533.3,23.8,112499.34999999992
20.8,56.4,2142.8,165.9,4510.6,1.0,2.1,3.8,535.7,23.6,112532.15999999992
19.5,45.1,2486.9,182.0,4469.6,0.9,1.8,3.7,585.9,25.4,113024.3499999999
21.2,55.9,2111.4,165.4,4542.4,1.0,2.1,3.8,535.0,23.8,113062.85999999991
18.4,66.6,2162.3,181.7,3624.6,1.0,1.9,3.6,579.7,24.7,114067.84999999992
20.9,55.6,2138.4,165.2,4526.0,1.0,2.1,3.8,542.2,23.8,114082.05999999991
19.6,52.2,2209.3,177.6,5394.0,1.1,2.0,4.4,544.7,19.9,115054.14999999992
23.8,59.1,1724.6,193.0,4658.0,1.1,2.0,4.2,623.1,22.4,115709.53999999994
20.9,55.4,2115.8,164.9,4543.0,1.0,2.1,3.8,534.3,23.7,115744.84999999995
20.3,52.1,2110.3,164.6,4628.9,1.0,1.9,4.1,553.7,28.2,115891.53999999995
22.6,55.8,2324.9,196.0,4420.2,0.8,2.3,3.5,501.6,24.9,116262.64999999994
21.0,55.5,2133.9,164.2,4506.0,1.0,2.1,3.8,537.4,23.9,116288.75999999992
23.6,64.8,2523.8,133.4,5268.0,1.1,2.0,3.3,581.6,22.1,117507.14999999994
24.9,64.1,1724.3,151.9,4101.1,1.0,2.4,3.8,578.0,19.4,118406.45999999995
17.4,64.2,1976.7,162.2,5145.4,1.0,2.4,3.2,564.7,28.4,119221.56999999993
18.0,54.0,2330.9,181.1,5207.3,1.0,2.3,4.5,542.2,21.8,120125.97999999992
20.1,47.9,1807.6,193.4,4816.6,0.8,2.2,3.9,435.0,23.2,120879.28999999994
20.9,56.5,2128.8,163.4,4571.1,1.0,2.1,3.8,532.8,23.7,120931.99999999993
20.8,56.5,2148.5,163.1,4522.5,1.0,2.1,3.8,539.9,23.5,120958.60999999991
20.9,55.8,2136.5,165.6,4545.4,1.0,2.1,3.8,535.0,23.5,120985.61999999991
22.6,52.6,2010.6,181.5,4421.7,1.0,2.5,3.6,475.0,27.9,121300.7299999999
20.5,54.0,2495.2,187.5,4779.8,1.0,2.1,4.3,585.0,25.2,121990.33999999988
23.6,51.8,1848.7,156.8,4937.4,0.9,2.2,4.1,560.4,26.4,122720.14999999988
19.9,61.2,1999.6,153.1,4105.5,1.0,1.9,3.1,475.5,22.7,123355.43999999987
21.0,56.1,2119.0,163.5,4502.5,1.0,2.1,3.8,537.6,23.9,123395.04999999986
21.0,55.5,2151.0,165.7,4573.0,1.0,2.1,3.8,541.7,23.6,123465.15999999987
20.9,55.7,2134.1,164.5,4495.2,1.0,2.1,3.8,536.5,23.8,123502.56999999988
18.6,54.3,2511.5,139.5,5236.2,1.0,2.3,3.1,636.7,23.5,124717.57999999989
21.1,56.1,2137.9,164.8,4494.7,1.0,2.1,3.8,533.2,23.9,124762.58999999988
21.2,56.3,2144.3,164.2,4561.6,1.0,2.1,3.8,536.5,23.7,124811.39999999986
18.8,48.5,2533.0,183.2,4247.0,1.1,2.5,3.4,644.0,20.6,125630.00999999988
18.3,47.3,1909.7,189.3,4135.6,0.9,2.0,4.6,432.6,21.5,126385.99999999987
22.8,63.8,2090.7,154.0,4890.9,0.9,1.7,3.4,491.8,27.9,126859.38999999987
21.0,56.4,2139.3,163.2,4508.5,1.0,2.1,3.8,532.9,23.8,126893.69999999985
21.0,55.7,2119.3,164.7,4483.5,1.0,2.1,3.8,539.2,23.5,126952.00999999985
21.2,56.2,2131.8,164.3,4526.1,1.0,2.1,3.8,535.9,23.6,126956.91999999985
18.4,56.5,1878.9,155.6,5327.6,1.1,1.9,4.0,487.3,20.2,128073.30999999985
20.8,55.5,2142.2,165.9,4562.5,1.0,2.1,3.8,535.6,23.6,128123.01999999986
22.4,65.3,2110.6,159.3,4838.7,1.0,2.1,4.3,572.4,23.2,128504.62999999986
16.8,61.9,2371.4,193.1,4454.5,1.2,2.2,3.8,631.8,26.6,128949.43999999984
21.1,56.3,2112.4,163.7,4487.4,1.0,2.1,3.8,540.6,23.8,129012.84999999985
21.1,56.1,2129.4,163.6,4503.8,1.0,2.1,3.8,536.5,23.7,129041.55999999985
20.9,55.6,2129.5,165.3,4535.6,1.0,2.1,3.8,540.1,23.7,129054.36999999984
20.9,56.3,2142.9,163.3,4483.9,1.0,2.1,3.8,541.0,23.8,129114.57999999984
21.9,66.7,2267.1,154.8,4695.8,1.2,2.4,3.8,484.0,26.9,129496.38999999982
20.8,56.4,2193.0,172.2,5337.7,1.0,1.7,3.8,542.2,22.6,130381.47999999984
22.9,54.9,2015.9,155.6,3936.5,1.1,2.5,4.1,610.3,23.1,131172.18999999983
19.8,48.1,2036.4,193.2,3694.5,0.9,2.5,4.6,435.4,28.2,132245.49999999983
23.9,51.3,2509.4,187.6,5050.7,1.0,2.3,4.2,596.4,26.4,133235.70999999982
20.5,48.0,2172.5,196.6,5216.7,1.0,2.0,3.5,609.8,20.8,134080.69999999978
24.4,52.6,1856.9,149.2,3631.2,1.2,2.1,3.3,574.8,22.9,135309.00999999978
24.9,65.7,2088.3,175.2,3999.0,0.9,1.7,3.7,609.9,23.3,135974.1999999998
21.0,55.6,2148.0,165.4,4526.6,1.0,2.1,3.8,535.7,23.8,135995.7099999998
21.1,55.8,2138.7,163.8,4498.3,1.0,2.1,3.8,535.1,23.5,136036.7199999998
21.1,56.0,2144.7,165.8,4495.7,1.0,2.1,3.8,536.9,23.7,136084.52999999982
21.0,55.9,2144.2,163.0,4489.7,1.0,2.1,3.8,538.6,23.6,136137.93999999986
22.9,64.0,2527.3,170.9,4022.9,1.0,1.9,3.6,495.2,27.1,137099.72999999984
20.6,46.1,1970.1,150.1,4177.3,1.0,2.4,3.2,612.3,19.9,137715.0399999998
18.8,53.5,2041.0,147.8,3910.2,1.1,2.3,4.5,520.1,21.2,138463.8499999998
21.0,55.9,2137.7,163.4,4492.9,1.0,2.1,3.8,540.5,23.5,138509.15999999983
21.0,64.4,1789.1,142.5,3911.5,1.2,2.1,3.3,536.1,26.8,139504.06999999983
21.1,56.3,2123.3,165.2,4517.4,1.0,2.1,3.8,536.7,23.8,139524.97999999984
24.6,66.3,1762.7,169.7,5316.0,0.9,2.0,4.3,606.4,22.4,140767.56999999983
20.9,56.7,2495.9,164.9,4459.2,1.1,2.0,3.2,513.3,24.9,141228.45999999988
25.0,45.9,1943.4,142.2,4381.3,0.9,2.4,3.4,491.4,22.0,141644.6699999999
21.1,56.0,2141.7,165.3,4537.8,1.0,2.1,3.8,535.3,23.7,141668.2799999999
18.4,52.1,2294.4,156.4,4718.5,1.0,1.9,3.9,469.0,20.7,142106.26999999993
21.1,56.2,2123.6,164.9,4544.7,1.0,2.1,3.8,542.5,23.8,142135.97999999992
20.8,56.5,2137.7,165.4,4484.3,1.0,2.1,3.8,536.6,23.5,142188.78999999992
21.0,55.9,2118.7,163.0,4508.9,1.0,2.1,3.8,534.2,23.5,142226.19999999995
20.8,56.1,2134.3,165.6,4573.1,1.0,2.1,3.8,539.3,23.9,142276.90999999997
20.9,56.3,2141.0,163.7,4530.8,1.0,2.1,3.8,539.1,23.5,142291.91999999998
21.2,56.0,2128.5,166.1,4520.7,1.0,2.1,3.8,538.8,23.9,142304.53
20.9,56.5,2114.5,164.2,4518.4,1.0,2.1,3.8,534.2,23.7,142335.63999999998
17.7,56.3,1977.5,168.0,4404.3,1.2,2.1,4.0,467.5,19.0,142692.45
24.8,46.8,2334.5,163.9,4475.8,1.0,1.7,4.1,443.8,21.4,143054.74000000005
23.7,60.3,1827.4,160.9,4470.5,0.8,2.1,4.1,523.2,28.4,143444.15000000005
21.2,56.4,2119.0,164.2,4539.0,1.0,2.1,3.8,535.3,23.7,143471.16000000006
21.1,56.3,2131.0,166.1,4537.4,1.0,2.1,3.8,540.2,23.8,143485.17000000007
21.2,56.2,2137.4,163.4,4565.3,1.0,2.1,3.8,538.5,23.5,143530.6800000001
20.8,56.5,2126.2,165.3,4483.7,1.0,2.1,3.8,540.1,23.8,143583.49000000017
21.0,56.3,2139.2,163.8,4541.4,1.0,2.1,3.8,536.4,23.8,143607.60000000015
20.6,55.9,2554.4,152.6,3981.9,1.2,1.9,3.8,633.3,23.5,144684.59000000017
20.9,55.5,2151.3,164.8,4543.7,1.0,2.1,3.8,534.1,23.6,144725.00000000017
21.0,55.9,2119.7,164.6,4548.0,1.0,2.1,3.8,537.4,23.7,144757.5100000002
21.0,56.3,2132.1,163.0,4509.9,1.0,2.1,3.8,536.7,23.9,144779.62000000023
24.0,51.0,2426.9,184.8,4451.2,1.2,1.9,4.5,529.1,26.4,145189.71000000028
21.1,56.5,2148.0,165.1,4488.9,1.0,2.1,3.8,540.3,23.9,145248.8200000003
20.9,55.6,2136.2,165.3,4504.5,1.0,2.1,3.8,538.0,23.9,145278.3300000003
20.6,46.7,1744.9,188.5,3922.8,1.0,1.7,4.0,480.0,25.8,146363.82000000033
20.9,56.3,2148.1,165.7,4533.0,1.0,2.1,3.8,543.0,23.9,146392.23000000036
21.8,53.5,1928.4,187.7,3858.6,1.0,2.1,3.5,518.0,25.9,147312.64000000036
21.2,55.5,2148.3,165.9,4555.7,1.0,2.1,3.8,535.2,23.8,147362.05000000034
19.3,60.2,1957.5,155.9,4410.2,0.9,2.4,4.6,516.5,26.9,147692.46000000037
18.3,60.0,2101.0,144.1,4087.9,0.9,2.3,4.1,548.6,19.9,148202.37000000034
20.9,56.3,2113.1,166.0,4568.4,1.0,2.1,3.8,534.6,23.8,148266.38000000032
17.6,60.2,1713.5,154.3,5383.9,1.1,1.8,3.4,571.3,19.4,149593.1700000003
21.6,57.8,2197.2,163.6,4904.8,0.9,2.1,3.3,490.6,24.5,150087.48000000027
17.7,47.0,1857.4,175.2,4313.7,0.9,2.4,4.1,452.1,20.9,150684.69000000026
20.5,49.8,2240.3,191.6,4809.4,0.9,1.7,3.1,482.5,20.1,151168.5800000003
20.9,55.8,2123.4,165.9,4568.0,1.0,2.1,3.8,533.4,23.5,151222.99000000034
17.5,54.5,2134.2,164.3,4300.9,1.2,2.1,3.4,628.2,27.1,151548.80000000034
24.1,56.7,2157.0,138.4,4443.3,1.0,2.4,3.7,639.0,21.0,151790.0100000004
20.9,56.0,2141.4,163.7,4540.9,1.0,2.1,3.8,536.6,23.8,151815.4200000004
22.4,64.6,2262.6,149.9,3638.5,1.0,2.2,4.2,483.2,20.5,152917.8300000004
21.1,56.2,2118.5,165.5,4559.3,1.0,2.1,3.8,540.8,23.7,152966.0400000004
17.7,59.2,2392.8,132.2,3688.5,1.1,2.2,3.8,619.9,28.4,154189.25000000038
20.9,56.0,2140.6,165.9,4570.6,1.0,2.1,3.8,540.9,23.6,154245.4600000004
20.8,56.5,2116.4,166.2,4495.8,1.0,2.1,3.8,536.7,23.9,154296.17000000042
19.8,65.7,2064.2,154.2,4118.3,1.1,2.1,4.3,544.0,26.8,154802.78000000046
21.9,58.2,2119.3,179.9,4857.3,1.0,2.3,3.5,489.4,22.3,155212.29000000044
20.9,56.5,2128.5,165.9,4504.7,1.0,2.1,3.8,538.9,23.6,155241.20000000045
20.6,55.7,2321.1,179.9,4904.6,1.2,2.4,3.1,617.3,21.0,155906.41000000047
20.9,54.1,2366.3,133.6,4172.3,1.0,1.8,3.9,468.5,22.3,156601.10000000047
19.5,54.9,2416.4,132.8,3879.0,0.9,1.7,4.0,590.9,21.4,157623.79000000047
17.8,57.1,2507.1,160.8,5286.6,1.0,2.3,4.3,548.6,19.3,158778.80000000048
21.2,56.2,2117.8,165.1,4487.6,1.0,2.1,3.8,540.2,23.7,158835.6100000005
20.9,55.9,2131.9,163.9,4570.7,1.0,2.1,3.8,536.3,23.5,158881.62000000055
24.1,46.4,2122.8,165.0,4896.7,0.8,2.2,4.5,519.1,21.2,159291.43000000055
23.2,55.7,1769.7,178.4,4481.7,0.9,1.8,4.5,559.2,22.6,159736.8200000006
20.9,63.1,1745.9,197.0,4601.8,1.1,1.8,3.7,514.1,24.8,160261.2100000006
21.2,56.0,2135.2,165.2,4550.1,1.0,2.1,3.8,540.7,23.6,160290.62000000064
20.4,55.3,2081.0,189.1,4805.5,0.9,2.4,4.1,554.2,22.0,160662.43000000066
21.1,56.2,2131.4,163.6,4515.1,1.0,2.1,3.8,540.3,23.5,160678.94000000067
20.9,55.7,2127.0,164.5,4504.7,1.0,2.1,3.8,533.5,23.8,160711.5500000007
25.1,50.6,2242.0,158.9,3999.3,1.2,1.8,3.6,526.4,21.5,161376.34000000075
20.8,55.7,2144.0,163.8,4542.8,1.0,2.1,3.8,532.7,23.7,161410.25000000073
21.1,65.7,1966.9,155.3,4359.5,1.2,2.3,3.8,598.3,26.0,161825.1600000007
21.0,56.0,2131.9,164.8,4565.6,1.0,2.1,3.8,533.1,23.6,161868.57000000073
17.9,53.6,1915.1,195.2,5350.8,1.1,2.1,4.2,606.4,27.9,163013.88000000073
20.8,55.5,2131.2,165.7,4515.4,1.0,2.1,3.8,541.6,23.9,163031.99000000078
22.0,49.9,2244.1,161.8,4286.5,0.9,2.3,3.7,501.6,26.4,163434.5000000008
21.1,55.5,2118.1,164.5,4567.1,1.0,2.1,3.8,540.4,23.7,163490.0100000008
17.9,45.6,2488.0,196.7,4510.6,0.8,2.1,3.7,560.1,20.4,163932.1200000008
21.2,56.3,2132.9,163.0,4572.4,1.0,2.1,3.8,533.2,23.9,163985.0300000008
20.8,55.7,2137.1,165.0,4511.3,1.0,2.1,3.8,541.6,23.8,164011.74000000083
21.2,55.6,2120.5,164.3,4537.3,1.0,2.1,3.8,542.0,23.5,164036.95000000083
18.3,61.2,1874.2,193.2,4482.3,0.9,2.2,3.5,497.9,20.9,164416.96000000084
21.1,55.9,2124.7,164.7,4489.1,1.0,2.1,3.8,537.4,23.5,164463.47000000087
20.9,55.9,2119.1,163.3,4485.1,1.0,2.1,3.8,539.8,23.7,164521.78000000084
20.3,54.8,2282.4,132.4,3743.0,1.1,2.3,4.5,498.7,23.5,165531.59000000087
21.0,55.6,2136.6,165.4,4535.8,1.0,2.1,3.8,543.3,23.7,165551.20000000086
18.8,50.2,2134.3,196.9,4857.6,0.8,2.4,3.3,607.0,25.1,165993.31000000084
20.8,55.7,2125.1,165.1,4566.3,1.0,2.1,3.8,533.4,23.6,166043.52000000083
20.0,54.8,2093.1,135.4,4872.4,1.1,1.8,4.4,519.2,20.4,166479.81000000084
20.4,66.4,2396.6,143.3,3822.8,1.1,2.4,3.6,630.7,25.3,167576.72000000087
23.5,50.3,1716.7,140.2,4892.9,1.2,1.9,4.2,453.5,23.6,168471.9100000009
20.9,56.5,2140.7,165.6,4526.9,1.0,2.1,3.8,537.8,23.9,168484.12000000093
21.1,56.4,2143.4,164.8,4535.0,1.0,2.1,3.8,534.6,23.8,168507.33000000095
20.9,55.8,2135.7,163.6,4484.3,1.0,2.1,3.8,537.5,23.8,168557.04000000097
24.7,65.6,2100.8,134.6,4321.0,0.8,2.5,4.4,486.6,28.3,168891.350000001
17.7,60.4,2213.8,143.2,5282.8,1.1,2.3,3.7,590.2,20.2,169810.560000001
19.6,64.8,2115.2,153.7,4543.4,1.1,2.2,3.1,430.7,21.6,169972.27000000098
20.3,64.0,1912.2,138.0,4898.0,0.9,2.4,3.8,455.0,19.9,170683.380000001
21.0,56.2,2112.6,165.4,4536.5,1.0,2.1,3.8,537.1,23.6,170712.790000001
21.1,56.5,2116.5,165.9,4510.5,1.0,2.1,3.8,535.2,23.5,170749.90000000098
24.7,57.2,1738.2,185.7,4762.1,1.0,2.4,4.1,596.4,19.7,171462.610000001
21.1,56.1,2126.2,166.2,4500.2,1.0,2.1,3.8,532.9,23.6,171502.42000000106
19.0,50.6,2069.8,177.3,4969.1,0.8,2.0,4.0,461.6,20.8,172103.1100000011
18.0,58.4,2305.7,172.2,3936.6,1.1,1.9,3.2,572.0,20.7,172916.60000000108
21.0,55.9,2149.6,164.2,4540.9,1.0,2.1,3.8,537.5,23.6,172948.9100000011
20.9,55.6,2146.3,163.8,4550.5,1.0,2.1,3.8,539.1,23.5,172988.92000000112
24.9,63.2,1745.3,148.1,5371.5,1.0,2.0,3.8,541.0,26.5,174248.21000000113
21.2,55.7,2127.4,165.0,4518.6,1.0,2.1,3.8,540.5,23.6,174264.8200000011
21.1,55.6,2133.9,163.1,4547.3,1.0,2.1,3.8,535.7,23.5,174291.1300000011
20.7,49.2,2174.1,154.3,5129.0,1.0,2.3,3.4,537.1,23.1,174954.1400000011
21.1,56.5,2129.7,163.9,4562.7,1.0,2.1,3.8,538.8,23.5,174992.8500000011
20.8,55.6,2152.3,166.1,4483.5,1.0,2.1,3.8,538.6,23.6,175060.76000000112
17.3,65.6,2403.4,145.6,5062.9,0.9,2.4,4.3,631.1,19.8,175994.27000000112
21.9,51.4,2123.0,173.0,3652.1,0.9,2.0,3.8,495.0,28.2,176939.1600000011
20.8,56.1,2124.3,163.7,4541.2,1.0,2.1,3.8,539.0,23.5,176961.77000000112
21.1,56.3,2115.4,164.8,4549.8,1.0,2.1,3.8,539.2,23.7,177001.38000000114
21.1,55.6,2130.4,163.6,4542.3,1.0,2.1,3.8,532.7,23.8,177023.59000000113
16.9,64.3,2165.4,134.9,4989.7,1.1,2.1,3.2,450.2,28.1,177650.30000000112
21.2,56.4,2117.5,165.6,4545.6,1.0,2.1,3.8,532.6,23.8,177688.81000000113
21.0,56.4,2113.6,165.3,4534.5,1.0,2.1,3.8,536.6,23.5,177715.92000000115
21.1,56.0,2131.3,163.3,4547.3,1.0,2.1,3.8,533.1,23.6,177741.73000000115
20.8,56.3,2141.8,165.7,4566.1,1.0,2.1,3.8,535.1,23.6,177794.74000000115
20.7,45.4,2102.0,173.4,4481.4,0.8,1.8,4.2,485.7,21.9,177945.03000000113
25.1,61.7,2255.6,132.4,3990.4,1.1,2.4,4.2,502.3,20.6,178684.24000000118
19.4,53.2,2203.3,182.1,4051.8,1.0,2.3,3.6,531.0,28.4,179264.6500000012
20.9,56.2,2124.7,164.6,4513.6,1.0,2.1,3.8,537.2,23.8,179286.7600000012
17.3,55.4,2121.1,153.7,4289.5,0.9,2.1,3.2,451.5,22.8,179635.0700000012
22.3,63.4,2125.8,169.3,3805.5,1.2,2.5,3.1,627.2,21.5,180467.88000000126
